State / Union Territory,Year,Rice,Wheat,Coarse cereals,Pulses,Food- grains,Oilseeds,Cotton (Lint),Sugar- cane,Raw Jute & Mesta
1. Andhra Pradesh,2002-03,7327,14,2251,1061.6,10653.6,1256.3,1085.7,15387.2,613
,2003-04,8953,7,3498,1239,13697,1614.1,1890,15070,470
,2004-05,9601,5,2771,1019,13396,2209.4,2190,15739,458
,2005-06,11704,9,3862,1376,16951,2041,2108,17656,455
,2006-07,11872,9,3001,1347,16229,1362,2181,21692,544
,2007-08,13324,8,4274,1697,19303,3390,3491,20296,501
,2008-09,14241,16,4716,1448,20421,2189.1,3569,15380,295
,2009-10,10538,10,3318,1429,15295,1500,3227,11708,191.9
,2010-11,7882.4,1,2205,964.1,11052.5,1332.3,5300,14964,223
,2011-12,7746.2,11,2188.3,933.6,10868.1,723.8,4900,16686,202
,2012-13,6862.4,1,2433.6,1132.7,10429.8,928.3,2025.2,15567,127
,2013-14,6969.7,4,2486.8,1061.8,10522.3,1022.7,1411.1,15385,83
,2014-15,7233.9,6,2310.2,950,10494.1,597.2,2841,13150,50
,2015-16,7488.7,-,1916,1229,10633.7,873,1888,9353,44
,2016-17,7452.4,-,1982,931,10365.4,664.2,1564,7830,63
,2017-18,8166.2,-,2776.1,1217.4,12159.8,1096.7,2087,7789.6,47.2
,2018-19,8234.7,-,1864.5,739.6,10838.8,504.4,1491,8094.6,30.3
,2019-20,8658.9,-,2531.2,1166.7,12356.8,901.2,2508,6724,21.3
,2020-21,7882.9,-,2321.6,1094.6,11299,804.6,1600.6,4138.6,10.4
,2021-22,7789.2,-,2388.7,1088,11266,555.4,1707.6,3654.2,11
2. Arunachal Pradesh,2002-03,152.5,6.3,75.8,7.7,242.3,28.2,-,15.3,-
,2003-04,154.6,6.3,75.8,7.4,244.1,27.3,-,15.2,-
,2004-05,135,8.7,76.4,6.8,226.9,27,-,14.1,-
,2005-06,146.2,6.1,80.3,8.3,240.9,22.7,-,16.8,-
,2006-07,146.2,6.3,84.9,8.3,245.7,22.7,-,16.8,-
,2007-08,158.1,5.3,76.8,8.3,248.5,25.6,-,21.8,-
,2008-09,163.9,5.2,77.7,9,255.8,30.5,-,23.4,-
,2009-10,215.8,4.8,78.6,9.7,308.9,28.3,-,27.1,-
,2010-11,234,5.9,84.7,9.1,333.7,29.1,-,29,-
,2011-12,255,6.5,90.5,10.5,362.5,33,-,30,-
,2012-13,263,4.4,91.6,10.6,369.6,30.8,-,30.2,-
,2013-14,276.2,4.5,92.8,11.2,384.6,31.4,-,30.4,-
,2014-15,285,7.5,102,14.5,409,33.9,-,29.7,-
,2015-16,204,7.7,102.8,13,327.5,36.4,-,40.8,-
,2016-17,220,7.7,102.5,13.1,343.3,36.6,-,37.7,-
,2017-18,233.3,7.7,104.5,13.5,359.1,37,-,38.4,-
,2018-19,240,7.7,105.4,12,365.2,37,-,45.8,-
,2019-20,244.7,6.7,107.6,14.2,373.2,37.1,-,39.2,-
,2020-21,247.1,7.7,107.9,14.3,377.1,37.3,-,46.4,-
,2021-22,-,-,-,-,-,-,-,-,-
3. Assam,2002-03,3738,78,18,60,3894,149,1,916,716
,2003-04,3880,73,18,64,4035,157,1,981,692
,2004-05,3470.7,68.1,18,61.4,3618.2,146.8,1,883.9,435.8
,2005-06,3552.5,53.7,17.6,54,3677.8,113.2,0.6,871.2,603.6
,2006-07,2916,67,18,59,3060,134,0.6,1055,583.3
,2007-08,3319,71,17,63,3470,139,0.6,980,683.7
,2008-09,4008.5,54.6,15.4,64.5,4143,137.9,0.6,1099.7,674.3
,2009-10,4335.9,63.5,17.2,64.6,4481.2,144.7,0.8,1059,735.5
,2010-11,4736.6,52.8,17,70.1,4876.5,153.6,-,1075,650.7
,2011-12,4516.3,60.3,18.2,68.6,4663.3,149.5,-,993.5,638.8
,2012-13,5128.5,44.2,23.5,84.4,5280.6,186.8,-,1028.2,583.1
,2013-14,4927.1,40.4,25,104.3,5096.8,186.3,-,1075.2,746.6
,2014-15,5222.7,28.8,96.4,111,5458.8,205.7,-,1099.1,793.2
,2015-16,5125.1,34.3,91.6,107.6,5358.6,215.2,-,1038.3,894.1
,2016-17,4727.4,23.5,94.1,107.5,4952.5,204.3,-,1207.2,824.1
,2017-18,5283.7,24.7,101.8,115.8,5525.9,200.6,-,1143,861.5
,2018-19,5220.6,23.7,108,113.5,5465.9,198.4,-,1093.9,781.4
,2019-20,4984.6,14.4,131.3,106.1,5236.4,192.4,-,1218.1,811.7
,2020-21,5214.8,12.9,151.2,108.7,5487.5,199.9,0.4,1093.1,794.2
,2021-22,5268,17.6,131.2,118.6,5535.4,198.3,0.5,1117.7,905.5
4. Bihar,2002-03,5085.5,4040.6,1397.7,560.9,11084.7,104.9,-,4520.5,1093.8
,2003-04,5447.8,3688.9,1513.3,562.6,11212.6,123.8,-,4285.9,1286.3
,2004-05,2472.2,3263.4,1501.9,466.9,7704.4,116.9,-,4111.7,1180.2
,2005-06,3495.5,3239,1405.5,446.8,8586.8,136.5,-,4337.9,1386.6
,2006-07,4989.3,3911.4,1759.7,438.2,11098.6,147.4,-,5955.5,1389.8
,2007-08,4418.1,4450.4,1498.5,497.1,10864.1,137.9,-,3854.9,1464.9
,2008-09,5590.3,4410,1751.3,469.1,12220.7,138,-,4959.9,1220.1
,2009-10,3599.3,4570.8,1508,472.5,10150.6,144.6,-,5032.6,1277.7
,2010-11,3102.1,4097.6,1484.5,537.8,9221.9,136.3,-,12763.6,1310.4
,2011-12,7162.6,4725,1648.3,511.3,14047.2,139.5,-,11288.6,1738.8
,2012-13,7529.3,5357.2,2510.3,542.8,15939.6,143.3,-,12741.4,1717.7
,2013-14,5505.8,4738,2139.9,522,12905.8,146.2,-,12881.8,1745.1
,2014-15,6356.7,3987,2371,493.9,13208.6,127,-,14034.1,1637.1
,2015-16,6802.2,4736.4,2548.6,420.7,14507.9,126.5,-,12649.3,1630
,2016-17,8239.3,5110.8,2719.1,461.7,16530.8,125.9,-,13036,1571
,2017-18,8093.1,6104.3,2385.2,454.2,17036.9,124.3,-,13824.6,1280
,2018-19,6155.5,6465.6,2525.4,453.5,15600.1,125,-,20116.3,1084.5
,2019-20,6298,5579.7,2020.9,334.4,14233,124.7,-,13578.8,802.1
,2020-21,6747,6149.7,2109.1,376.8,15382.6,124.1,-,12109.8,787.5
,2021-22,7064.1,6223.8,2542.9,363.7,16194.4,114.1,-,12063.4,819.1
5. Chhattisgarh,2002-03,2634.9,98.6,175.5,365.7,3274.7,100.7,0.1,10,2
,2003-04,5567.6,108.6,212.9,580.7,6469.8,127,0.2,13.3,2.5
,2004-05,4383.3,82.4,189.5,367.8,5023,123.7,0.8,15.6,2
,2005-06,5011.6,90.7,159.3,453.2,5714.8,126.5,0.4,16.4,3
,2006-07,5041.4,91.7,178.3,493.6,5805,161.4,0.2,18.7,2.9
,2007-08,5426.6,98.8,229.7,536.8,6291.9,192.6,0.1,27.5,2.7
,2008-09,4391.8,92.5,184.4,498.6,5167.3,193.5,0.1,25.4,2.8
,2009-10,4110.4,121.9,181.8,488.7,4902.8,200.4,0.3,29.2,2.5
,2010-11,6159,126.8,231.9,537.5,7055.2,217.2,-,21.8,3.2
,2011-12,6028.4,133.1,209.9,499.1,6870.5,169.5,-,24.4,3
,2012-13,6608.8,141.3,244.7,648.7,7643.6,215,-,37.3,2.6
,2013-14,6716.4,134,263.1,484.5,7598,185.4,-,22.1,2.2
,2014-15,6322.1,135.3,267.2,738.5,7463.1,174.2,-,49.3,2.1
,2015-16,5789.4,137.4,215.5,511.9,6654.2,149.6,-,67.8,2.3
,2016-17,8048.4,159.5,357.5,758.7,9324.1,169.9,-,848,1.9
,2017-18,4930.8,130.7,347.2,550,5958.7,122.9,-,1158.5,2.1
,2018-19,6526.9,162.7,331.5,537.5,7558.6,145.9,-,1452.1,2.1
,2019-20,6774.8,115.3,370.5,241.3,7501.8,159,-,1759,1.9
,2020-21,7161.2,248.4,368.4,447.5,8225.5,121.5,8.4,1756.4,1.3
,2021-22,7897.7,188.6,423.2,387.5,8897,104.5,7.5,1990.2,0.9
6. Goa,2002-03,134.8,-,1.1,7.5,143.4,4.3,-,65.5,-
,2003-04,170.7,-,1.2,9.2,181.1,5.7,-,57.6,-
,2004-05,145.2,-,1.1,9.4,155.7,5.4,-,60.6,-
,2005-06,147.3,-,1,11.5,159.8,7.9,-,55.9,-
,2006-07,130.3,-,0.8,16.3,147.4,4.6,-,58,-
,2007-08,121.6,-,0.7,11.3,133.6,7,-,56,-
,2008-09,123.3,-,0.8,10.2,134.3,8.2,-,49.3,-
,2009-10,100.6,-,0.8,8.5,109.9,8.1,-,52.3,-
,2010-11,115,-,0.1,8,123.1,8.3,-,49.1,-
,2011-12,121.8,-,0.1,8.3,130.2,8,-,46.6,-
,2012-13,122.8,-,0.1,9,131.8,7.5,-,46,-
,2013-14,126.5,-,-,8.9,135.5,6.6,-,47.7,-
,2014-15,120.5,-,-,8.1,128.6,-,-,-,-
,2015-16,115.1,-,-,0.3,115.3,-,-,-,-
,2016-17,113.2,-,-,5.9,119.1,-,-,-,-
,2017-18,103,-,-,4.8,107.8,3.5,-,-,-
,2018-19,98.8,-,-,6.3,105.2,1,-,35.3,-
,2019-20,90.4,-,-,3.9,94.2,0.4,-,53.7,-
,2020-21,87.3,-,-,3.7,91.1,0.2,-,35.6,-
,2021-22,-,-,-,-,-,-,-,-,-
7. Gujarat,2002-03,541.7,856.6,1840.8,327.2,3566.3,1683.1,1684.6,14071.3,-
,2003-04,1277,2036.5,2635.4,622.4,6571.3,5665,4026.9,12669.1,-
,2004-05,1238.2,1805.5,1734.5,479.3,5257.5,2986.9,4724.8,14570,-
,2005-06,1298,2473,1836,547,6154,4682,6772,14580,-
,2006-07,1390,3000,1516,593,6499,2569,8787,15630,-
,2007-08,1474,3838,2151,743,8206,4725,8276,15190,-
,2008-09,1303,2593,1976,609,6481,4015.9,7013.8,15510,-
,2009-10,1292,2352,1600,517,5761,3097,7986.3,12400,-
,2010-11,1496.6,4019.5,2102.6,723,8341.6,4896.1,10400,13760,-
,2011-12,1790,4072,2232.3,780,8874.3,5035,12000,12750,-
,2012-13,1541,2944,1999,572.2,7056.2,2705,8850,12690,-
,2013-14,1636,4694,2120.6,729,9179.6,6870.4,10150,12550,-
,2014-15,1830.9,3059,1644.9,574.5,7109.3,4886.9,10500,14330,-
,2015-16,1702,2484,1549.7,543.6,6279.3,4179.1,9400,11120,-
,2016-17,1930,2737,1937,818,7422,4789.3,8575,11950,-
,2017-18,1890.9,3069,1782.2,922.6,7664.7,5860.2,10187,12072.1,-
,2018-19,1912.1,2407.4,1802.8,681.3,6803.6,3733.6,6279,11326.4,-
,2019-20,1983.1,3326.8,1786.3,1057.3,8153.4,6653.3,8617,11570,-
,2020-21,2145.7,3259.5,1759.6,1809.2,8973.9,6188.9,7212.2,16954.7,-
,2021-22,2115.4,3334.2,1918.8,2689,10057.4,6897.8,7482.5,17459.3,-
8. Haryana,2002-03,2468,9188,590,82.9,12328.9,711.7,1038,10650,-
,2003-04,2790,9114,1146,143.1,13193.1,997.8,1405,9280,-
,2004-05,3023,9058,882,146,13109,840.5,2075,8060,-
,2005-06,3210,8857,813,118.1,12998.1,825.2,1499,8180,-
,2006-07,3371,10055,1197,140,14763,834.6,1814,9580,-
,2007-08,3613,10236,1357,101.8,15307.8,642.8,1885,8860,-
,2008-09,3298,10808.2,1329.4,177.8,15613.4,932.8,1858,5130,-
,2009-10,3625,10500,1132,100,15357,877.5,1926,5335,-
,2010-11,3472,11630,1369,158.5,16629.5,963.8,1750,6042,-
,2011-12,3759,12685.7,1387,127,17958.7,771,2650,6959,-
,2012-13,3976,11117,1003,130.4,16226.4,993.1,2500,7437,-
,2013-14,3998,11800,1051,125.1,16974.1,899,2302,7499,-
,2014-15,4006,10354,819,56.1,15235.1,743.4,2300,7650,-
,2015-16,4145,11352,796,65.6,16358.6,829.7,993,6692,-
,2016-17,4453,11546.8,1087,75.9,17162.7,964.5,2041,8223,-
,2017-18,4523.4,10765.3,833.8,69.4,16191.8,1122.6,1627,9632.9,-
,2018-19,4516.1,12574,972.8,82.1,18145,1277.3,2013,8505,-
,2019-20,4824.3,11876.4,1098.4,64.4,17863.5,1175.2,2484,7730.4,-
,2020-21,4424.9,12394.4,1417.6,72.7,18309.5,1348.6,1822.9,8531.7,-
,2021-22,4618,10447.2,1158.4,105.6,16329.2,1398.7,1316.1,8748.6,-
9. Himachal Pradesh,2002-03,85.7,495.6,524.9,16.7,1122.9,8.2,0.1,49.1,-
,2003-04,120.6,498,771.8,9,1399.4,9.2,0,50,-
,2004-05,122,684,788.2,18.1,1612.3,12,0.1,61.9,-
,2005-06,112.1,679,570.7,19.6,1381.4,5.2,0,25.1,-
,2006-07,123.5,501.6,728.2,28.9,1382.2,7.1,0.1,59,-
,2007-08,121.5,504.4,896.2,36,1558.1,6.5,0.2,58.4,-
,2008-09,118.3,547.3,712.1,23.5,1401.2,5,0.1,53.1,-
,2009-10,105.9,327.1,563.5,20.7,1017.2,3.8,-,45.6,-
,2010-11,128.9,546.5,704.1,41.6,1421.1,7.7,-,38.3,-
,2011-12,131.6,595.8,752.1,30.8,1510.3,8.6,-,28.3,-
,2012-13,125.3,608.6,700.8,46.1,1480.7,6.9,-,42,-
,2013-14,120.8,670.7,685.9,51,1528.4,6.1,-,35.7,-
,2014-15,125.2,646.5,622.1,38.3,1432,6.6,-,37.6,-
,2015-16,129.9,667.6,777,40.6,1615.1,6.5,-,38.7,-
,2016-17,146.6,704.2,826.4,63.3,1740.6,6.2,-,21.1,-
,2017-18,114.8,565.7,750.3,57.5,1488.3,5.8,-,36.7,-
,2018-19,114.9,564.6,767.5,54,1501,6.1,-,33.3,-
,2019-20,143.8,563.4,767.7,55.2,1530.1,6.4,-,32,-
,2020-21,140.5,570.3,764.5,60.2,1535.5,7.8,-,22.7,-
,2021-22,140.5,570.4,768.9,60.5,1540.2,7.8,-,22.7,-
10. Jammu & Kashmir,2002-03,421,401.9,485.5,14,1322.4,26.6,-,0.6,-
,2003-04,504.2,459.4,552.7,13.3,1529.6,42.1,-,0.6,-
,2004-05,492.2,474.4,517.3,15.1,1499,124.2,-,0.5,-
,2005-06,556.8,444,467.7,13.5,1482,2.7,-,0.8,-
,2006-07,554,492.2,512.3,14.2,1572.7,42.3,-,0.8,-
,2007-08,561.3,495.9,499.5,15.4,1572.1,53.3,-,0.2,-
,2008-09,563.1,483.6,660.4,14.2,1721.3,49.6,-,0,-
,2009-10,497.4,289.9,513.3,13.6,1314.2,49.7,-,-,-
,2010-11,507.7,446.3,550.9,16.7,1521.6,53,-,-,-
,2011-12,544.7,500.3,528.1,13.2,1586.3,53.3,-,-,-
,2012-13,818.1,462.4,537.3,14.2,1831.9,51.1,-,0,-
,2013-14,610.9,601.9,551.3,13.8,1777.9,58.8,-,-,-
,2014-15,517.2,314.3,379.5,9.2,1220.3,40.4,-,2,-
,2015-16,646.4,541.5,535.4,9.4,1732.7,32.6,-,0.3,-
,2016-17,572.2,475.5,561,10.2,1618.9,28.6,-,-,-
,2017-18,513.1,487.4,559.9,10.3,1570.8,39.4,-,-,-
,2018-19,615.8,671.9,594.2,10.6,1892.5,56.3,-,-,-
,2019-20,587,488.3,551.7,44.2,1671.2,42.3,-,-,-
,2020-21,581.5,483.9,519.6,10.1,1594.9,33,-,0.1,-
,2021-22,-,-,-,-,-,-,-,-,-
11. Jharkhand,2002-03,1381,104,274.7,133.5,1893.2,8.1,-,140.6,-
,2003-04,2310,118,342,135,2905,8,-,136,6.5
,2004-05,1677,150,324.1,160,2311.1,7,-,141.6,6.3
,2005-06,1558,77.7,259.6,172.3,2067.6,8.5,-,142,6
,2006-07,2967.8,128.9,332,258.1,3686.8,50,-,142,6
,2007-08,3336.4,139.9,386.4,301.8,4164.5,68.8,-,150,6
,2008-09,3420.2,153.9,333.9,280.7,4188.7,73.2,-,348.8,-
,2009-10,1538.4,173.2,216.9,223.7,2152.2,79.5,-,447,4.8
,2010-11,1110,158.4,278.5,329.6,1876.6,113.7,-,457.3,-
,2011-12,3130.6,302.6,330.1,412,4175.3,155.5,-,457.3,0
,2012-13,3164.9,319.5,463.8,609.3,4557.5,197.2,-,461.9,0
,2013-14,2810.6,370.4,526.1,578.6,4285.7,182.9,-,462.8,0
,2014-15,3361.9,330.4,487.7,597.1,4777,177.6,-,469.8,0
,2015-16,2882.2,287.3,395.5,527,4092.1,176.5,-,708.9,0
,2016-17,3841.8,425.2,590.8,806.5,5664.4,264,-,512.9,0
,2017-18,4078,468.7,617.9,836.7,6001.3,297,-,574.8,0
,2018-19,2893.9,302.6,468,735.2,4399.7,228.4,-,-,-
,2019-20,3012.8,439.4,525.1,814.9,4792.3,288.5,-,-,-
,2020-21,2752.9,544,669.5,905.4,4871.7,404.9,-,-,-
,2021-22,2927.6,507.2,651.5,898,4984.2,398.2,-,-,-
12. Karnataka,2002-03,2390.1,147.7,3433.2,693.6,6664.6,1073.8,330.9,32485.3,4.2
,2003-04,2550.3,96.2,3346.4,569.2,6562.1,934.1,264.6,16015.4,6.1
,2004-05,3547,179,5977,792,10495,1570,688,14276,2.9
,2005-06,5744,217,6564,964,13489,1715,554,18267,2.7
,2006-07,3446,205,5055,893,9599,1125,610,28669.7,1
,2007-08,3717,261,6943,1265,12186,1549,778,26240,1
,2008-09,3802,247,6254,972,11275,1212,866,23328,1
,2009-10,3691,251,5895,1118,10955,1005,868.2,30443,1
,2010-11,4188,279,7845.3,1565,13877.3,1270,1200,39657,1
,2011-12,3955,193,6813,1134.1,12095.1,942,1200,38808,1
,2012-13,3364,179,6061,1259.3,10863.3,919.6,1255,35732,0
,2013-14,3572.6,210,6825.8,1600.5,12208.9,1162,1875,37905,-
,2014-15,3541,261,6946,1390,12138,959,2311,43776,0
,2015-16,3021,156,5608.2,1138.8,9924,749.7,2000,37833.8,-
,2016-17,2604.8,171,5281,1737.9,9794.7,805.8,1010,27378,0.1
,2017-18,3017.1,230.2,6592.6,1951.2,11791.2,970.7,1844,31135.2,0
,2018-19,3431,163.6,5519.9,1773.9,10888.4,782.6,1400,42408,-
,2019-20,3634.5,179.7,6813.6,2155.9,12783.7,1039.7,2330,38181,-
,2020-21,4291.7,262.1,7931.2,2065,14550.1,1249.1,2320.1,42528,-
,2021-22,4333.4,211.5,7296.6,1967.9,13809.4,1173.6,1950,61152,-
13. Kerala,2002-03,688.9,-,4,6.8,699.7,1.4,5.5,312.8,-
,2003-04,570,-,4,5,579,2.3,4.7,291,-
,2004-05,667.1,-,0.9,2.9,670.9,1.9,4.4,283,-
,2005-06,629.9,-,1.5,6.9,638.3,2.6,3.5,916.5,-
,2006-07,631,-,1.1,8.4,640.5,3.2,2,440,-
,2007-08,528.5,-,2.8,8.4,539.7,2.4,1.7,218,-
,2008-09,590.3,-,1.7,6.3,598.3,1.6,1.5,275.5,-
,2009-10,598.3,-,2.2,10.3,610.8,1.2,1.3,285,-
,2010-11,522.7,-,1.4,3,527.1,2.1,-,271.8,-
,2011-12,569,-,0.6,2.5,572.1,2.3,-,263,-
,2012-13,508.3,-,0.3,3.2,511.8,1.1,-,165.7,-
,2013-14,509.2,-,0.3,2.8,512.4,1,-,221.5,-
,2014-15,562.1,-,0.3,1.4,563.8,0.8,-,148.5,-
,2015-16,549.3,-,0.3,4.3,553.8,0.7,-,138.1,-
,2016-17,437.1,-,0.2,1.7,439,0.6,-,113.1,-
,2017-18,521.3,-,0.4,2,523.8,0.5,-,115.1,-
,2018-19,578.3,-,0.6,2.3,581.2,0.4,-,106.3,-
,2019-20,605.6,-,0.7,2.2,608.4,0.2,-,120.8,-
,2020-21,633.8,-,0.7,1.9,636.4,0.3,0,106.7,-
,2021-22,630,-,0.8,1.5,632.2,0.3,0,119,-
14. Madhya Pradesh,2002-03,1031.8,4923.4,2418.1,2375.5,10748.8,3143.9,390.1,1563,1.1
,2003-04,1750.3,7364.6,3353.8,3488,15956.7,5623.6,639,1873.7,1.8
,2004-05,1169,7176.6,2330,3429.2,14104.8,4797.7,626.1,2148,1.4
,2005-06,1656.3,5957.7,2348.4,3232.6,13195,5721.9,745.1,2425,1.2
,2006-07,1368.4,7325.9,1849.6,3203.1,13747,5814.2,828.6,2806,1.8
,2007-08,1461.9,6032.5,2122.5,2453.6,12070.5,6352,864.8,3180,1.8
,2008-09,1559.7,6521.9,2149.9,3683.1,13914.6,6976.9,856.1,2975,1.3
,2009-10,1260.6,8410,2041.2,4304.6,16016.4,7636.2,855.3,2535,1.4
,2010-11,1772.1,7627.1,2166.6,3386.2,14952.1,8035.4,2000,2667,3.4
,2011-12,2227.3,11538.5,2467.1,4161.9,20394.8,7727.8,2000,2677,2.1
,2012-13,2775,13133.4,2616.2,5165.9,23690.4,9276,2200,2641.9,1.8
,2013-14,2844.8,12937,2551.8,4644.3,22978,6634.9,1730,3173.7,2.5
,2014-15,3625.3,17103.9,3129.5,4828.3,28687,7724.2,1750,4567,8.6
,2015-16,3546.7,17688.7,3848.8,5302.4,30386.5,6171,1800,5281,6
,2016-17,4226.8,17939.3,4766.9,6291.3,33224.4,8224,2050.7,4730,7
,2017-18,4123.9,15910.8,5304.1,8111.6,33450.4,6949,1620,5430,11
,2018-19,4494.7,16521.4,5147.2,6045.4,32208.7,8294.3,2329,5281.7,-
,2019-20,4778.1,19607.1,5029.4,4108.4,33523.1,6451.7,1646,7433.8,2.2
,2020-21,4413.8,18182.1,4953.7,5294.7,32844.2,6332.4,1338.6,5440.7,-
,2021-22,4814.9,22418.5,5787.9,6032.5,39053.8,7923.8,1419.8,5379.1,-
15. Maharashtra,2002-03,1854,984,5938,2058.1,10834.1,2356,2596,42617,30
,2003-04,2835,778,4750,1960,10323,2921,3080,25668,27
,2004-05,2164,1016,5696.7,1664,10540.7,2744.1,2939,20475,35.5
,2005-06,2695,1300,6087,2005,12087,3373,3160,38853,36
,2006-07,2569,1631.1,6141,2304,12645.1,3721,4618,78568,33
,2007-08,2996,2078.7,7093,3024,15191.7,4874,7015,88437,33
,2008-09,2284,1516,5971.6,1656,11427.6,3409.7,4752,60648,26
,2009-10,2183,1740,6293.3,2370,12586.3,2814,5859.3,64159,26
,2010-11,2696,2301,7323.6,3099.8,15420.4,5040,8500,81895.7,28
,2011-12,2841,1313,6122,2268,12544,4485,7200,86733.1,19
,2012-13,3057,1181,4429.3,2306,10973.3,5086.8,7655,69648.1,31
,2013-14,3120,1602,5955.2,3169,13846.2,5293.9,8834,76901,35
,2014-15,2946,1308,5004.9,2053,11311.9,2850.2,7000,84699,-
,2015-16,2593,981,3635.7,1544.7,8754.4,2436.1,7500,73679.6,-
,2016-17,3109.5,1875.1,6579,3768.1,15331.6,5113.5,10618.8,52262.5,-
,2017-18,2730.8,1696.8,5471.3,3347.8,13246.7,4206.4,6094,82984,-
,2018-19,3275.7,1249.2,3096.7,2682.5,10304.1,4885,6593,89768.2,-
,2019-20,2897.6,1793.7,4392.6,3736,12819.9,5177,6639,69311.9,-
,2020-21,3291.7,2071.1,6082.1,4321.2,15766.1,6718.3,10105.1,105137.6,-
,2021-22,3631.5,2473.7,5839.6,5192.4,17137.2,5897.4,7117.6,110537.3,-
16. Manipur,2002-03,332.6,-,8.5,2.6,343.7,0.4,-,20.6,-
,2003-04,381.2,-,7.5,3.2,391.9,0.4,-,22,-
,2004-05,435.9,-,8.9,3,447.8,0.8,-,21.8,-
,2005-06,386.1,-,7.9,4.5,398.5,0.7,-,23,-
,2006-07,386.1,-,7.9,4.5,398.5,0.7,-,23,-
,2007-08,406.2,-,8.4,7.2,421.8,0.9,-,16.8,-
,2008-09,397,-,11.5,6.5,415,0.7,-,21.3,-
,2009-10,319.9,-,11.7,7.2,338.9,0.7,-,21.3,-
,2010-11,521.7,5.3,41.5,24.2,592.7,26.7,-,301.3,-
,2011-12,591,5.4,45.9,26.9,669.1,28.3,-,333,-
,2012-13,257.6,6,44.7,28.4,336.7,32.1,-,311.7,-
,2013-14,398.5,5.6,58.6,29.9,492.6,31,-,339.3,-
,2014-15,334.1,5.6,58.8,30.8,429.3,31.7,-,339.3,-
,2015-16,338.8,5.6,61.6,29.8,435.7,31.8,-,348,-
,2016-17,430.4,5.6,58.8,30.3,525.1,32.3,-,348,-
,2017-18,607.8,5.6,63.1,30,706.5,32.8,-,348,-
,2018-19,401.6,5.7,58.2,29.5,495,32.2,-,315.1,-
,2019-20,385.5,5.8,4.9,25.2,421.4,27.4,-,-,-
,2020-21,602.2,5.8,59.7,29.4,697.1,32.6,-,279.4,-
,2021-22,-,-,-,-,-,-,-,-,-
17. Meghalaya,2002-03,190.9,4.7,28.2,3.3,227.1,6.5,7.8,0.2,56.4
,2003-04,200.7,1.5,28.1,3.5,233.8,6.4,7.8,0.2,56.2
,2004-05,193.7,1.6,26.3,3.6,225.2,6.5,7.8,0.2,39.2
,2005-06,151.9,1.2,26.4,3.6,183.1,6.7,7.8,0.2,55.7
,2006-07,200.2,1.2,27.2,2.9,231.5,6.6,7.7,0.2,55.1
,2007-08,200,1.1,27.4,3.3,231.8,6.7,6.5,0.3,54.9
,2008-09,203.9,0.7,27.8,3.9,236.3,7.1,5.6,0.3,54.6
,2009-10,206.7,0.7,28.2,3.6,239.2,7,5.5,0.2,53.1
,2010-11,207,0.7,27.6,3.7,239,7.1,-,0.2,52.6
,2011-12,216.5,0.6,28.3,3.7,249.1,7.6,-,0.2,50.4
,2012-13,232,0.7,28.7,3.7,265,6.9,-,0.2,53.2
,2013-14,273.9,0.8,42.1,3.2,320,14.1,-,0.3,89.9
,2014-15,298.2,0.8,43.4,11.3,353.8,14.9,-,0.3,92.5
,2015-16,301.1,0.9,44,11.7,357.7,15.2,-,0.4,94.5
,2016-17,203,0.9,44.4,11.8,260.1,15,-,0.4,94.7
,2017-18,304.6,0.9,44.4,11.9,361.8,15.1,-,0.4,94.8
,2018-19,202,0.9,44.4,13.4,260.7,15.1,-,0.4,94.9
,2019-20,303.4,0.9,44.5,12,360.8,15.1,-,0.4,95
,2020-21,295.8,0.9,44.5,12,353.3,15.2,8.6,0.4,95
,2021-22,-,-,-,-,-,-,-,-,-
18. Mizoram,2002-03,109.2,-,14.9,5,129.1,5.1,1,7.4,-
,2003-04,114.6,-,20.3,4.5,139.4,5.4,1.3,3.6,-
,2004-05,104.1,-,15.7,4.8,124.6,5.6,1.3,5.7,-
,2005-06,99.2,-,22.7,7.9,129.8,5.4,0.2,4.6,-
,2006-07,29.5,-,21,5.8,56.3,3.8,5.2,4.6,-
,2007-08,15.7,-,0.7,2.7,19.1,0.8,0.6,0.8,-
,2008-09,46,-,9.3,3.6,58.9,2.5,0.1,13.7,-
,2009-10,44.3,-,11.5,6.5,62.3,3,0.8,12.4,-
,2010-11,47.2,-,13.6,6.1,66.9,3.8,-,7.9,-
,2011-12,54.3,-,8.4,5.3,68,2.4,-,7.5,-
,2012-13,30.5,-,8,3.3,41.8,2.2,-,6.8,-
,2013-14,59,-,8.2,5.7,72.8,2.4,-,7,-
,2014-15,60.7,-,8.6,6,75.3,2.4,-,44.3,-
,2015-16,62.1,-,10.3,5,77.4,3,-,51.3,-
,2016-17,61.5,-,8.9,4.8,75.2,2.5,-,50.5,-
,2017-18,59.6,-,9.5,5.1,74.2,2.4,-,44.8,-
,2018-19,60,-,11,5.9,76.9,2.8,-,44.3,-
,2019-20,60,-,11,5.5,76.5,2.8,-,44.3,-
,2020-21,62.2,-,12.6,5.9,80.7,2.9,0,43,-
,2021-22,-,-,-,-,-,-,-,-,-
19. Nagaland,2002-03,225,17,118,28,388,74,5,80,5.5
,2003-04,248,20,108.3,33.5,409.8,66.8,0.2,130,6.1
,2004-05,259.8,13,105.5,25.2,403.5,81.9,0.2,142.1,6.7
,2005-06,263.1,1.9,120.1,39.7,424.8,62.8,1.7,210.9,10.5
,2006-07,263.5,1.3,126.4,45,436.2,62.6,0.2,233.9,5.9
,2007-08,290.6,1.6,139.4,41.6,473.2,68.1,0.3,247.3,6.4
,2008-09,345.1,2.1,127.3,39.7,514.2,71.5,0.1,185.8,1.3
,2009-10,240.3,2.4,76.8,34.7,354.2,84.6,-,152.9,2
,2010-11,381.4,5.3,145.2,36.4,568.3,66.3,-,184.9,8.4
,2011-12,382.4,5.4,144,34.7,566.5,66.8,-,186.7,8.5
,2012-13,405.2,5.9,145.9,43.6,600.6,67.5,-,187.6,7.7
,2013-14,429.6,5.5,147,42.5,624.6,67.9,-,188.5,7.8
,2014-15,454.2,5.6,147.5,42.4,649.6,68.1,-,189.3,7.8
,2015-16,318.8,6,148,43.1,515.8,68.6,-,190.2,7.9
,2016-17,336.7,6.2,149.5,44.5,536.9,68.9,-,192.4,7.9
,2017-18,349.6,6.3,150.3,46.1,552.3,69.2,-,192.7,44.3
,2018-19,356.7,6.3,148.8,46.4,558.1,69.5,-,193.2,44.5
,2019-20,363.3,6.3,149,46.8,565.4,70.8,-,193.6,44.6
,2020-21,367.4,6.3,149.4,47.1,570.2,70.2,0,203,38.1
,2021-22,-,-,-,-,-,-,-,-,-
20. Odisha,2002-03,3276.7,5.8,96.8,194.4,3573.7,93.7,49.9,753.2,148.1
,2003-04,6733.7,7.5,143,272.7,7156.9,156.9,88.2,858.1,127.3
,2004-05,6466,5,169.1,249.6,6889.7,179.5,111.2,859.9,145.9
,2005-06,6859,4.5,159.9,336.3,7359.7,187.7,144.8,1073,141.5
,2006-07,6824.7,5.8,162.4,351.8,7344.7,175.1,107.9,1274.4,132.4
,2007-08,7540.7,8.7,210.4,383.5,8143.3,196.6,124.7,1096.2,151.1
,2008-09,6812.7,7.4,191.7,387.3,7399.1,180.3,146.6,646.2,114.7
,2009-10,6917.5,5.8,230.3,399.3,7552.9,172.2,147.2,489.9,112
,2010-11,6827.7,4.2,360.5,426.9,7619.3,179.8,250,902.7,113.5
,2011-12,5807,2.4,259.4,343.4,6412.3,165.8,325,884.7,101.2
,2012-13,7295.5,2,287,424.4,8008.8,170.3,400,952.4,83.8
,2013-14,7613.4,1.1,325.7,419.3,8359.4,168.8,299,936.5,82.3
,2014-15,8298.2,0.7,242.3,440.3,8980.5,141.5,400,722.9,68.4
,2015-16,5875.4,0.5,157.2,375.1,6408.2,120.1,300,577.2,56.8
,2016-17,8325.9,0.1,256.2,479.1,9061.3,121.2,382,344.3,32.8
,2017-18,6551.3,0.2,170.2,429.6,7151.3,93.1,408,240.1,44.2
,2018-19,7733.7,0.3,169.1,412.1,8315.2,91.1,455,417.8,32.4
,2019-20,8360.4,0.2,237.1,432.5,9030.1,99.5,579,505,25.2
,2020-21,8810.3,0.3,281.8,431.2,9523.6,135.1,551,381.3,28.9
,2021-22,9136,0.3,351.7,462.9,9950.8,146.5,626.4,397.6,67.3
21. Punjab,2002-03,8880,14175,402.3,33.9,23491.2,90.9,1083,9290,-
,2003-04,9656,14489,545,39.4,24729.4,103.8,1478,6620,-
,2004-05,10437,14698,504,31.7,25670.7,100.4,2087,5170,-
,2005-06,10193,14493,472,26.2,25184.2,89.6,2395,4860,-
,2006-07,10138,14596,552,27.1,25313.1,78.2,2678,6020,-
,2007-08,10489,15720,583.1,23,26815.1,76.5,2355,6690,-
,2008-09,11000,15733,575.1,21.7,27329.8,76.2,2285,4670,-
,2009-10,11236,15169,527.1,18,26950.1,83.4,2006,3700,-
,2010-11,10837,16472,538,19.3,27866.3,71.5,2100,4170,-
,2011-12,10542,17280.1,552,15,28389.1,68,2300,5653,-
,2012-13,11374,16591,525,53,28543,69.4,2000,5919,-
,2013-14,11267,17620,553.8,39.6,29480.4,64.2,1968,6675,-
,2014-15,11107,15050,499.4,41.6,26698,57.7,1600,7039,-
,2015-16,11823,16077,457.3,43.5,28400.8,56.8,750,6607,-
,2016-17,11586.2,16440.5,477.2,33,28536.9,57.8,1031,7152,-
,2017-18,13381.8,17830.4,453.2,26.5,31691.9,59.5,1283,8023.7,-
,2018-19,12821.6,18261.8,421.3,27.7,31532.3,59.5,1222,7773.7,-
,2019-20,11779.3,17615.6,433.3,29.2,29857.3,58.4,1206,7302,-
,2020-21,12783.6,17186,417.6,31.1,30418.3,58.8,1022.7,7487,-
,2021-22,12885.5,14821.9,431.5,73.2,28212.1,88.2,646.7,7146.6,-
22. Rajasthan,2002-03,67.9,4878,2105.6,484.5,7536,1754.6,252.4,421.7,-
,2003-04,164.8,5875.8,9674.8,2278.4,17993.8,3996.8,709,309.4,-
,2004-05,150.4,5706.6,4956.4,1337.4,12150.8,5541.1,764.6,276.6,-
,2005-06,153,5865.3,4528.6,898.1,11445,5964,880.5,482.6,-
,2006-07,169.8,7055.8,5501.9,1481.3,14208.8,5166.8,746.8,629.7,-
,2007-08,259.6,7124.9,7121.4,1552.8,16058.7,4197.6,862.2,593.8,-
,2008-09,241.1,7287,7325.7,1826.4,16680.2,5178.4,725.7,388.2,-
,2009-10,228.3,7500.9,3907.2,713.7,12350.1,4407.2,903.1,344.5,-
,2010-11,265.5,7214.5,8092.5,3259.7,18832.2,6604.8,900,367.9,-
,2011-12,253.4,9319.6,7464.7,2432.1,19469.7,5744.5,1335,451.3,-
,2012-13,222.5,9275.5,6912.9,1956.8,18367.7,6364.6,1400,401.8,-
,2013-14,312.6,8663.2,6432.9,2490.9,17899.6,6033.8,1287,362.9,-
,2014-15,366.7,9823.9,7479.5,1951.8,19621.9,5314.3,1527,408.9,-
,2015-16,369.8,9871,5808.9,1990.2,18039.9,5692.5,1214,531.3,-
,2016-17,452.7,8985.3,6734.5,3181.2,19353.6,6240.2,1401.9,488.7,-
,2017-18,450.9,9368.5,6732.2,3405.4,19957,6111.3,1893,381.9,-
,2018-19,453.2,10082.9,6993.3,3759.4,21288.8,6899.1,2026,447.9,-
,2019-20,480.5,10916.1,7333.3,4497.1,23227.1,6769.2,2788,326.2,-
,2020-21,634,11035.4,8360.9,4252,24282.3,7984.6,3207.6,393.7,-
,2021-22,478.6,9484.1,7067.2,4019.4,21049.3,8385.9,2481,321.6,-
23. Sikkim,2002-03,21.2,8.9,59.9,6.6,96.6,7.1,-,-,-
,2003-04,21.2,8.1,63.8,6.8,99.9,7.4,-,-,-
,2004-05,21.6,8.3,67.4,6.6,103.9,7.6,-,-,-
,2005-06,21.5,9,63.7,6.1,100.3,7.2,-,-,-
,2006-07,21.5,9,63.7,6.1,100.3,7.2,-,-,-
,2007-08,22.9,4.5,72.6,11.6,111.6,7.5,-,-,-
,2008-09,21.7,7.8,66.2,11.8,107.5,7.4,-,-,-
,2009-10,24.3,5.9,74.2,12.9,117.3,9.4,-,-,-
,2010-11,21,2.7,74.8,11.9,110.3,7.9,-,-,-
,2011-12,20.9,2.7,73.8,5.9,103.2,7.8,-,-,-
,2012-13,21.3,0.6,78.3,5.8,106,7.1,-,-,-
,2013-14,20.3,0.4,75.9,5.8,102.4,7.1,-,-,-
,2014-15,20.1,0.4,75.9,5.8,102.2,7.1,-,-,-
,2015-16,13.1,0.4,75.3,5.4,94.1,6.3,-,-,-
,2016-17,19.7,0.4,75.9,5.5,101.3,6.4,-,-,-
,2017-18,17.6,0.2,71,5.1,93.9,5.8,-,-,-
,2018-19,17.2,0.2,69.8,4.8,92,5.6,-,-,-
,2019-20,16.1,0.2,70.7,5,92.1,5.6,-,-,-
,2020-21,16.2,0.1,70.5,5,91.8,5.7,-,-,-
,2021-22,-,-,-,-,-,-,-,-,-
24. Tamil Nadu,2002-03,3577.1,-,682.8,182.2,4442.1,760,83.5,24165.4,3.9
,2003-04,3222.8,-,983,200.8,4406.6,963.6,122.7,17656,3.5
,2004-05,5062.2,-,868,245.6,6175.8,1061.1,194.8,23396,1.1
,2005-06,5220,-,730.2,177,6127.2,1152.9,213.3,35106.5,-
,2006-07,6610.6,-,1361.9,290.5,8263,1083.5,220.9,41124,-
,2007-08,5040.2,-,1357.1,185,6582.3,1146.7,200.7,38071,-
,2008-09,5182.7,-,1755.1,164.5,7102.3,1043,187.7,32804.4,-
,2009-10,5665.2,-,1642,204.1,7511.4,939.6,225,29745.6,-
,2010-11,5792.4,-,1556.5,246,7594.9,933.1,450,34251.8,-
,2011-12,7458.7,-,2323.8,369.3,10151.8,1113.7,450,38575.7,-
,2012-13,4049.9,-,1333,209.9,5592.8,816.9,500,33919.2,-
,2013-14,5349.8,-,2819.7,613.8,8783.2,964.2,408,32454.1,-
,2014-15,5727.8,-,3142.6,753.2,9623.7,985.3,686,28092.8,-
,2015-16,7517.1,-,3406.6,554.8,11478.5,932.2,369,25494.1,-
,2016-17,2369.4,-,1345.2,427.1,4141.6,604.1,359,18987.6,-
,2017-18,6638.9,-,3518.4,556.3,10713.6,1038,445,17154,-
,2018-19,6130.9,-,3708,551.2,10390.1,940.9,269,17140.2,-
,2019-20,7171.1,-,3493.2,605.4,11269.8,1075,418,14119.1,-
,2020-21,6881.2,-,3470,472.5,10823.6,1062.9,243.2,13284.6,-
,2021-22,8067.3,-,3506,473,12046.3,981.5,359.6,15457.7,-
25. Telangana,2015-16,3047,8.5,1834,239.6,5129,496,3661,2405,-
,2016-17,5173.4,7,2768.2,536,8484.6,723,3444,2061,-
,2017-18,6262.2,5.6,2639.3,514,9421.1,669.8,5195,2604.5,-
,2018-19,6670,9.4,2155.7,440.1,9275.2,589.2,3847,3183.6,-
,2019-20,7427.8,9.2,3138.9,549.2,11125,639.2,6833,2012.9,-
,2020-21,10217.1,15.8,1922.9,589.7,12745.6,574,5797.9,1751,-
,2021-22,12302.2,10.9,2241.8,540.5,15095.4,697.4,6067,2851,-
26. Tripura,2002-03,602.3,1.8,2.2,5.5,611.8,3.5,1.6,56.2,23.3
,2003-04,516.6,5.1,2.2,5.2,529.1,3.8,1.7,47.5,22.1
,2004-05,545.1,2.8,3,5.5,556.4,3.9,1.5,52.4,22.5
,2005-06,552.9,2.9,2.2,5.6,563.6,3.9,1.6,52.6,23.3
,2006-07,620.5,1.8,2.4,5.3,630,3.1,1.6,42.4,11.8
,2007-08,624.6,1.9,2.1,4.7,633.3,2.7,1.5,46.7,10.5
,2008-09,627.1,1.2,2,4.4,634.7,2.5,1.4,51.7,8.7
,2009-10,640,1.3,2,4.5,647.9,2.5,1.4,44.9,9.4
,2010-11,702.5,0.6,4.1,5.2,712.4,3.4,-,46.5,10.7
,2011-12,718.3,0.5,5.1,6,729.9,3.5,-,45,10.7
,2012-13,713.2,1.3,4.7,6,725.2,2.4,-,45.4,10.3
,2013-14,711.8,0.3,5.9,8.7,726.7,4.6,-,49.6,12.4
,2014-15,747,0.3,5.9,8.4,761.6,7.1,-,-,10.6
,2015-16,794.9,0.4,12.2,10.9,818.3,9,-,-,11.2
,2016-17,814.6,0.5,21.3,23.2,859.6,12.5,-,-,10.3
,2017-18,812.1,0.4,23.6,19.3,855.3,13.8,-,42.5,10
,2018-19,793.2,0.3,23.9,18.9,836.3,14,-,35.9,10
,2019-20,810.2,0.3,24.1,18.7,853.3,14.4,-,36.4,5.3
,2020-21,803.1,0.1,44.2,20.3,867.6,13.2,0.9,48.6,6.2
,2021-22,-,-,-,-,-,-,-,-,-
27. Uttar Pradesh,2002-03,9594.9,23612.4,2732.3,2202,38141.6,881.4,4.4,120948,-
,2003-04,13018.8,25566.7,3260.7,2400.3,44246.5,927.8,4.2,112754,-
,2004-05,9555.6,22513.9,3391.8,2375,37836.3,952.3,5.1,118715.6,-
,2005-06,11133.7,24073.8,2971.2,2231.5,40410.2,1066.5,5.2,125469.9,-
,2006-07,11124,25031,3084.4,1975.1,41214.5,1033.3,7,133949.4,-
,2007-08,11780,25679,3058.9,1576.9,42094.8,1146.8,6.8,124665.3,-
,2008-09,13097,28554,3080.2,1998.1,46729.3,1164.5,0.8,109048,-
,2009-10,10807.1,27518,2968.8,1901.4,43195.3,816,5,117140,-
,2010-11,11992,30001,3217.6,2037,47247.6,919.5,-,120545,-
,2011-12,14022,30292.6,3566,2403,50283.6,935,-,128819,-
,2012-13,14416,30301.9,3695.5,2332,50745.4,1030.5,-,132427.7,-
,2013-14,14636,29890.9,3803.2,1697.4,50027.5,895.8,-,134688.6,-
,2014-15,12167.9,22417.4,3570,1438.7,39594,787.2,-,133061.4,-
,2015-16,12501,25425.2,3460,1164.6,42550.8,864.5,-,145385,-
,2016-17,13754,30056,3909,2184.4,49903.1,1050.2,-,140169.2,-
,2017-18,13274,31879.1,4016.8,2200,51369.9,1145.7,-,177033.3,-
,2018-19,15545.3,32741.3,3948.8,2408,54643.4,1330.8,-,179714.8,-
,2019-20,15517.8,33815.5,4388.5,2447.3,56169.1,1146.2,-,179539.1,-
,2020-21,15520,35506.6,4604.4,2475.9,58106.9,1276.2,6.5,178339.3,-
,2021-22,15273.4,33949.7,4327.1,2562.9,56113,1239,8.6,177425.5,-
28. Uttarakhand,2002-03,483,750,297,29.1,1559.1,23,-,7331.7,-
,2003-04,569,745,381,29,1724,34,-,7651,-
,2004-05,572,803,358,28,1761,38,-,6441,-
,2005-06,590,645,323,36,1594,30,-,6134,-
,2006-07,556,801,344,34,1735,21,-,6100,-
,2007-08,593,814,339,50,1796,29,-,7686,-
,2008-09,582,797,347,39,1765,26,-,5590,-
,2009-10,608,845,297,46,1796,33,-,5842,-
,2010-11,550.4,878,335,52.1,1815.5,27.5,-,6497.6,-
,2011-12,594,878,331,49,1852,32.5,-,6311,-
,2012-13,579.8,858.2,338.4,51.3,1827.7,39.7,-,6784.8,-
,2013-14,578.6,842.4,298.9,56.5,1776.5,34.1,-,5939.8,-
,2014-15,603.7,654.2,313.6,54.6,1626,29.6,-,6165.1,-
,2015-16,639.1,772.4,282.8,51.6,1745.9,35.6,-,5885.8,-
,2016-17,630,882,308,53,1873,26,-,6477,-
,2017-18,646.7,915.4,286.9,54.2,1903.2,26.6,-,6271.4,-
,2018-19,617.6,951.6,251.7,55.3,1876.1,27.2,-,6329.3,-
,2019-20,658.4,904.1,265.8,57.8,1886,25.1,-,6937.7,-
,2020-21,714.9,955.3,270.3,61.3,2001.8,26.2,-,3680,-
,2021-22,710.7,863.6,278,63.1,1915.4,28.9,-,3520,-
29. West Bengal,2002-03,14389.2,887.4,77.9,167.6,15522.1,476.1,1.5,1281.3,8578.1
,2003-04,14662.3,985.7,150,211.7,16009.7,650.7,2.8,1252.6,8465.5
,2004-05,14884.8,841.5,162,167.1,16055.4,652.9,3,1033.2,7934.8
,2005-06,14510.8,773.5,150.3,174.3,15608.9,610.4,6,1247.7,8114.5
,2006-07,14745.9,799.9,274.7,154,15974.5,645.4,14.7,1266.7,8506
,2007-08,14719.5,917.3,265.8,147.6,16050.2,705.1,13.2,1272,8293.5
,2008-09,15037.3,764.5,365.4,128.5,16295.7,582.6,6,1638.3,7965.5
,2009-10,14340.7,846.7,404,150.1,15741.5,727.1,3.3,1000.8,9400.1
,2010-11,13045.9,874.4,370.4,176.1,14466.9,703.6,-,1134.1,8214.2
,2011-12,14605.8,872.9,376.4,130.6,15985.7,672.4,-,1681.4,8623
,2012-13,15023.7,895.9,434.6,192.3,16546.5,850.7,-,1617,8310.8
,2013-14,15370.7,927.8,538.6,241.7,17078.9,909.9,-,1945,8882.4
,2014-15,14677.2,939.3,678.9,236.5,16531.8,901.4,-,2105.5,8453.7
,2015-16,15953.9,960,732.7,334,17980.6,926.9,-,2075,7776.8
,2016-17,15302.5,862.7,721.6,259.7,17146.4,908.7,-,1549.8,8349.6
,2017-18,14967,312,1154.7,443.8,16877.5,1134.1,-,1437,7637.9
,2018-19,16242.2,337.8,1741.5,368.4,18689.9,1163.6,-,1335.4,7770.2
,2019-20,15881.4,509.9,2018.1,384.9,18794.3,1015.7,-,1527.6,8067.4
,2020-21,16524.4,594.7,2443.6,441.9,20004.6,1112.3,0.9,1418.3,7592.8
,2021-22,16762.7,661.5,2651,427.1,20502.3,1192.9,0.8,1518.5,8356.4
All States,2002-03,71684.9,65679.7,26054.7,11116.4,174535.7,14832.5,8622.1,287159.9,11275.4
,2003-04,88390.8,72052.9,37589,14896.9,212929.6,25181.8,13727.3,233711.2,11172.9
,2004-05,82995.1,68564.8,33444.7,13121,198125.6,24345.1,16425.7,236955.4,10272.3
,2005-06,91651.4,69274,34051.8,13375.6,208352.8,27971.7,18498.7,281008.6,10839.6
,2006-07,93206.2,75727.9,33904.8,14188.5,217027.4,24285.8,22631.5,355359.8,11273
,2007-08,96559,78492.9,40734.4,14752.4,230538.7,29750.9,25883.9,347956,11210.5
,2008-09,99051,80603.9,40018.9,14557.4,234231.2,27716.5,22276.2,284864,10365.3
,2009-10,88969.9,80709.9,33542.8,14652.9,217875.4,24875.5,24021.8,292052.3,11817.4
,2010-11,95850.3,86757.4,43381.5,18230.5,244225,32476.7,32850,342101.6,10620.2
,2011-12,105193.4,94791.6,42005,17082.2,259077.6,29793.1,34360,360693.1,11398.6
,2012-13,105113.1,93440.9,40037,18308.3,256899.2,30930.2,34110,340842.2,10930.1
,2013-14,106520.8,95764.9,43284.6,19190.3,264817.2,32748.2,35809,351777.4,11690.2
,2014-15,105335,86440.8,42850.9,17145,251796.8,27509.6,34715,361959,11126.1
,2015-16,104294.9,92201.6,38512,16318,251326.5,25245.1,29875,348232.1,10523.6
,2016-17,109582.7,98422.7,43763.2,23124.1,274892.7,31270.2,32477.4,306054.5,10962.4
,2017-18,112647.6,99655.1,46613.9,24862.4,278848.1,31330.9,32683,369315,10032.9
,2018-19,116354.1,103512.9,43050.2,22070.8,284987.9,31516.2,27924,405198.5,9819.7
,2019-20,118733.5,107775.1,47739.3,23021.5,297269.3,33213.8,36048,370296.9,9876.8
,2020-21,124249,109493.2,51309.1,25461.3,310512.8,35940.8,35247.5,405211.7,9354.4
,2021-22,126846.3,106184.8,49762.6,27527.3,310320.8,37430,31191.6,439607.9,10253.3
Union Territories,2002-03,169.8,81.1,10.7,8.6,235.7,5.9,1.6,223.3,-
,2003-04,181.2,103.3,12.8,8.3,259.8,4.5,1.7,150.6,-
,2004-05,182,72.1,19.9,8.5,237.2,8.4,2.9,133,-
,2005-06,178.4,80.5,17.4,8.8,248.8,6.2,0.3,163.2,-
,2006-07,183.1,78.8,17.6,9,254.7,3.6,0.3,159.9,-
,2007-08,164.4,77.3,15.1,9.1,236.3,4.4,0.2,231.9,-
,2008-09,157.5,75.5,18.4,9,235,2.5,-,165.3,-
,2009-10,152.3,93.7,5.9,8.9,232,6.2,-,249.3,-
,2010-11,158.8,111.3,15.2,10.4,266.8,2.3,-,280,-
,2011-12,143.9,85.1,36,6.7,245.6,5.6,-,343.4,-
,2012-13,153.5,65.6,7.2,7.1,198.4,9.5,-,357.5,-
,2013-14,161.6,84.9,10.3,6.1,201,1.2,-,364.4,-
,2014-15,147.1,85.9,11.1,7.3,226.1,1.2,90,373.7,-
,2015-16,113.4,85.9,10.3,5.5,215.1,5.6,130,216.3,-
,2016-17,115.7,87.5,8.9,6.8,219,5.4,100,14.5,-
,2017-18,110.1,83.8,9,3.9,206.7,5.5,122,195.8,-
,2018-19,123.8,83.3,9.2,5.1,221.4,5.6,118,217.7,-
,2019-20,136.8,85.4,9.1,3.8,235.1,5.5,17,203.4,-
,2020-21,119.3,93.3,14.7,1.8,229,5.4,0.8,187,-
,2021-22,-,-,-,-,-,-,-,-,-
All India,2002-03,71820.2,65760.8,26065.4,11125,174771.4,14838.4,8623.7,287383.2,11275.4
,2003-04,88526,72156.2,37602,14905.2,213189.4,25186.3,13729,233861.8,11172.9
,2004-05,83131.7,68636.9,33464.7,13129.5,198362.8,24353.5,16428.6,237088.4,10272.3
,2005-06,91793.4,69354.5,34069.3,13384.4,208601.6,27977.9,18499,281171.8,10839.6
,2006-07,93355.3,75806.7,33922.6,14197.5,217282.1,24289.4,22631.8,355519.7,11273
,2007-08,96692.9,78570.2,40750.4,14761.5,230775,29755.3,25884.1,348187.9,11210.5
,2008-09,99182.5,80679.4,40037.9,14566.4,234466.2,27719,22276.2,285029.3,10365.3
,2009-10,89092.9,80803.6,33549.1,14661.8,218107.4,24881.6,24021.8,292301.6,11817.4
,2010-11,95979.8,86868.7,43397.1,18240.9,244491.8,32479,33000,342381.6,10620.2
,2011-12,105310.9,94876.7,42041.3,17088.9,259323.2,29798.7,35200,360983.4,11398.6
,2012-13,105231.6,93506.5,40044.2,18342.5,257124.7,30939.7,34220,341199.7,10930.1
,2013-14,106645.5,95849.8,43294.9,19252.9,265043.2,32749.4,35902,352141.8,11690.2
,2014-15,104798.5,88938.4,42860,17191.3,252676.5,26674.8,34805,359330.1,11449.2
,2015-16,104408.2,92287.5,38522.3,16348.2,251540,25250.8,30005,348448.4,10523.6
,2016-17,109698.4,98510.2,43772.1,23131.1,275111.9,31275.6,32577.4,306069,10962.4
,2017-18,112757.6,99869.5,46970.2,25416.2,285013.5,31459.3,32805,379904.9,10032.9
,2018-19,116477.8,103596.2,43059.4,22075.9,285209.3,31521.8,28042,405416.2,9819.7
,2019-20,118870.3,107860.5,47748.4,23025.2,297504.5,33219.2,36065,370500.3,9876.8
,2020-21,124368.3,109586.5,51323.8,25463.1,310741.7,35946.2,35248.3,405398.7,9354.4
,2021-22,130290.6,106844.9,50895.2,27692.1,315722.7,37696,31203,431811.9,10316.7
